geoid,irrigated_share,source_text
00000,0.34600000000000003,34.60
01001,,(D)
01003,0.2079,20.79
01005,0.3933,39.33
01007,0.0,0.00
01009,,(D)
01011,0.0,0.00
01013,0.0,0.00
01015,0.0,0.00
01017,,(D)
01019,0.023,2.30
01021,0.0,0.00
01023,,(D)
01025,,(D)
01027,0.0,0.00
01029,0.0,0.00
01031,0.0349,3.49
01033,,(D)
01035,0.0,0.00
01037,0.0,0.00
01039,0.0,0.00
01041,,(D)
01043,0.0,0.00
01045,,(D)
01047,0.163,16.30
01049,0.0,0.00
01051,,(D)
01053,,(D)
01055,0.22440000000000002,22.44
01057,0.0,0.00
01059,,(D)
01061,0.0659,6.59
01063,0.0,0.00
01065,,(D)
01067,0.1588,15.88
01069,0.0895,8.95
01071,0.0,0.00
01073,0.0,0.00
01075,,(D)
01077,0.0,0.00
01079,0.0678,6.78
01081,,(D)
01083,0.2482,24.82
01085,,(D)
01087,0.1895,18.95
01089,0.1249,12.49
01091,0.0731,7.31
01093,0.0,0.00
01095,0.0,0.00
01097,0.0,0.00
01099,,(D)
01101,,(D)
01103,0.0,0.00
01105,0.1485,14.85
01107,,(D)
01109,,(D)
01111,0.0,0.00
01113,,(D)
01115,0.0,0.00
01117,,(D)
01119,0.0,0.00
01121,,(D)
01123,0.0,0.00
01125,0.0,0.00
01127,,(D)
01129,,(D)
01131,0.0,0.00
01133,0.0,0.00
02010,0.0,0.00
02020,0.0,0.00
02090,0.0,0.00
02110,0.0,0.00
02122,0.0,0.00
04001,0.0,0.00
04003,1.0,100.00
04005,0.0,0.00
04007,0.0,0.00
04009,1.0,100.00
04011,0.0,0.00
04012,1.0,100.00
04013,1.0,100.00
04015,0.0,0.00
04017,0.0,0.00
04019,1.0,100.00
04021,1.0,100.00
04023,0.0,0.00
04025,0.0,0.00
04027,1.0,100.00
05001,0.0,0.00
05003,,(D)
05005,0.0,0.00
05007,0.0,0.00
05009,0.0,0.00
05011,0.0,0.00
05013,0.0,0.00
05015,0.0,0.00
05017,0.9547,95.47
05019,,(D)
05021,0.8802,88.02
05023,0.0,0.00
05025,0.0,0.00
05027,0.0,0.00
05029,0.0,0.00
05031,,(D)
05033,0.0,0.00
05035,,(D)
05037,,(D)
05039,0.0,0.00
05041,0.9490000000000001,94.90
05043,,(D)
05045,0.0,0.00
05047,0.0,0.00
05049,0.0,0.00
05051,0.0,0.00
05053,0.0,0.00
05055,,(D)
05057,0.0,0.00
05059,0.0,0.00
05061,0.0,0.00
05063,,(D)
05065,0.0,0.00
05067,,(D)
05069,,(D)
05071,0.0,0.00
05073,0.6097,60.97
05075,0.0,0.00
05077,0.799,79.90
05079,0.5755,57.55
05081,,(D)
05083,0.0,0.00
05085,1.0,100.00
05087,0.0,0.00
05089,0.0,0.00
05091,0.9668000000000001,96.68
05093,0.8754000000000001,87.54
05095,,(D)
05097,0.0,0.00
05099,0.0,0.00
05101,0.0,0.00
05103,0.0,0.00
05105,0.0,0.00
05107,0.6801999999999999,68.02
05109,0.0,0.00
05111,0.903,90.30
05113,0.0,0.00
05115,0.0,0.00
05117,,(D)
05119,,(D)
05121,0.0,0.00
05123,0.7679,76.79
05125,0.0,0.00
05127,0.0,0.00
05129,0.0,0.00
05131,0.0,0.00
05133,0.0,0.00
05135,0.0,0.00
05137,0.0,0.00
05139,,(D)
05141,0.0,0.00
05143,0.0,0.00
05145,,(D)
05147,,(D)
05149,0.0,0.00
06001,0.0,0.00
06003,0.0,0.00
06005,0.0,0.00
06007,0.0,0.00
06009,0.0,0.00
06011,0.0,0.00
06013,,(D)
06015,0.0,0.00
06017,0.0,0.00
06019,1.0,100.00
06021,,(D)
06023,0.0,0.00
06025,,(D)
06027,0.0,0.00
06029,1.0,100.00
06031,1.0,100.00
06033,0.0,0.00
06035,0.0,0.00
06037,0.0,0.00
06039,,(D)
06041,0.0,0.00
06043,0.0,0.00
06045,0.0,0.00
06047,1.0,100.00
06049,0.0,0.00
06051,0.0,0.00
06053,0.0,0.00
06055,0.0,0.00
06057,0.0,0.00
06059,0.0,0.00
06061,0.0,0.00
06063,0.0,0.00
06065,1.0,100.00
06067,0.0,0.00
06069,0.0,0.00
06071,0.0,0.00
06073,0.0,0.00
06075,0.0,0.00
06077,0.0,0.00
06079,0.0,0.00
06081,0.0,0.00
06083,0.0,0.00
06085,0.0,0.00
06087,0.0,0.00
06089,0.0,0.00
06091,0.0,0.00
06093,0.0,0.00
06095,0.0,0.00
06097,0.0,0.00
06099,0.0,0.00
06101,0.0,0.00
06103,0.0,0.00
06105,0.0,0.00
06107,1.0,100.00
06109,0.0,0.00
06111,0.0,0.00
06113,,(D)
06115,0.0,0.00
08001,0.0,0.00
08003,0.0,0.00
08005,0.0,0.00
08007,0.0,0.00
08009,0.0,0.00
08011,0.0,0.00
08013,0.0,0.00
08014,0.0,0.00
08015,0.0,0.00
08017,0.0,0.00
08019,0.0,0.00
08021,0.0,0.00
08023,0.0,0.00
08025,0.0,0.00
08027,0.0,0.00
08029,0.0,0.00
08031,0.0,0.00
08033,0.0,0.00
08035,0.0,0.00
08037,0.0,0.00
08039,0.0,0.00
08041,0.0,0.00
08043,0.0,0.00
08045,0.0,0.00
08047,0.0,0.00
08049,0.0,0.00
08051,0.0,0.00
08053,0.0,0.00
08055,0.0,0.00
08057,0.0,0.00
08059,0.0,0.00
08061,0.0,0.00
08063,0.0,0.00
08065,0.0,0.00
08067,0.0,0.00
08069,0.0,0.00
08071,0.0,0.00
08073,0.0,0.00
08075,0.0,0.00
08077,0.0,0.00
08079,0.0,0.00
08081,0.0,0.00
08083,0.0,0.00
08085,0.0,0.00
08087,0.0,0.00
08089,0.0,0.00
08091,0.0,0.00
08093,0.0,0.00
08095,0.0,0.00
08097,0.0,0.00
08099,0.0,0.00
08101,0.0,0.00
08103,0.0,0.00
08105,0.0,0.00
08107,0.0,0.00
08109,0.0,0.00
08111,0.0,0.00
08113,0.0,0.00
08115,0.0,0.00
08117,0.0,0.00
08119,0.0,0.00
08121,0.0,0.00
08123,0.0,0.00
08125,0.0,0.00
09001,0.0,0.00
09003,0.0,0.00
09005,0.0,0.00
09007,0.0,0.00
09009,0.0,0.00
09011,0.0,0.00
09013,0.0,0.00
09015,0.0,0.00
10001,0.0,0.00
10003,0.0,0.00
10005,0.0,0.00
12001,0.0,0.00
12003,0.0,0.00
12005,0.0,0.00
12007,0.0,0.00
12009,0.0,0.00
12011,0.0,0.00
12013,,(D)
12015,0.0,0.00
12017,0.0,0.00
12019,0.0,0.00
12021,0.0,0.00
12023,0.0,0.00
12027,0.0,0.00
12029,0.0,0.00
12031,0.0,0.00
12033,0.0705,7.05
12035,0.0,0.00
12037,0.0,0.00
12039,0.0,0.00
12041,0.0,0.00
12043,0.0,0.00
12045,0.0,0.00
12047,,(D)
12049,0.0,0.00
12051,0.0,0.00
12053,0.0,0.00
12055,0.0,0.00
12057,0.0,0.00
12059,0.0,0.00
12061,0.0,0.00
12063,0.1931,19.31
12065,,(D)
12067,,(D)
12069,0.0,0.00
12071,0.0,0.00
12073,0.0,0.00
12075,0.0,0.00
12077,0.0,0.00
12079,,(D)
12081,0.0,0.00
12083,,(D)
12085,0.0,0.00
12086,0.0,0.00
12087,0.0,0.00
12089,0.0,0.00
12091,,(D)
12093,0.0,0.00
12095,0.0,0.00
12097,0.0,0.00
12099,0.0,0.00
12101,0.0,0.00
12103,0.0,0.00
12105,0.0,0.00
12107,0.0,0.00
12109,0.0,0.00
12111,0.0,0.00
12113,,(D)
12115,0.0,0.00
12117,0.0,0.00
12119,0.0,0.00
12121,0.0,0.00
12123,0.0,0.00
12125,0.0,0.00
12127,0.0,0.00
12129,0.0,0.00
12131,0.0,0.00
12133,0.0,0.00
13001,0.09970000000000001,9.97
13003,0.24719999999999998,24.72
13005,0.0392,3.92
13007,0.5611,56.11
13009,0.0,0.00
13011,0.0,0.00
13013,0.0,0.00
13015,,(D)
13017,0.4343,43.43
13019,0.2968,29.68
13021,0.0,0.00
13023,0.050300000000000004,5.03
13025,0.0,0.00
13027,0.1107,11.07
13029,0.0,0.00
13031,0.1573,15.73
13033,0.47840000000000005,47.84
13035,,(D)
13037,,(D)
13039,0.0,0.00
13043,0.0239,2.39
13045,0.0,0.00
13047,0.0,0.00
13049,0.0,0.00
13051,0.0,0.00
13053,0.0,0.00
13055,,(D)
13057,0.0,0.00
13059,0.0,0.00
13061,0.5046,50.46
13063,0.0,0.00
13065,0.0,0.00
13067,0.0,0.00
13069,0.3803,38.03
13071,0.32030000000000003,32.03
13073,0.0,0.00
13075,0.106,10.60
13077,0.0,0.00
13079,0.0,0.00
13081,0.3164,31.64
13083,0.0,0.00
13085,0.0,0.00
13087,0.5528,55.28
13089,0.0,0.00
13091,0.4017,40.17
13093,0.32030000000000003,32.03
13095,,(D)
13097,0.0,0.00
13099,0.32530000000000003,32.53
13101,,(D)
13103,0.1606,16.06
13105,0.0,0.00
13107,0.139,13.90
13109,0.24719999999999998,24.72
13111,0.0,0.00
13113,0.0,0.00
13115,0.0,0.00
13117,0.0,0.00
13119,0.0,0.00
13121,0.0,0.00
13123,0.0,0.00
13125,,(D)
13127,0.0,0.00
13129,,(D)
13131,0.1216,12.16
13133,0.0,0.00
13135,0.0,0.00
13137,0.0,0.00
13139,0.0,0.00
13141,0.0,0.00
13143,0.0,0.00
13145,0.0,0.00
13147,0.0,0.00
13149,0.0,0.00
13151,0.0,0.00
13153,0.1955,19.55
13155,0.4165,41.65
13157,0.0,0.00
13159,0.0,0.00
13161,,(D)
13163,0.3071,30.71
13165,0.2845,28.45
13167,0.4461,44.61
13169,,(D)
13171,,(D)
13173,0.2138,21.38
13175,0.4357,43.57
13177,,(D)
13179,0.0,0.00
13181,0.0,0.00
13183,0.0,0.00
13185,,(D)
13187,0.0,0.00
13189,,(D)
13191,0.0,0.00
13193,0.7268000000000001,72.68
13195,0.0,0.00
13197,,(D)
13199,,(D)
13201,0.7023,70.23
13205,0.5256000000000001,52.56
13207,0.0,0.00
13209,0.049800000000000004,4.98
13211,,(D)
13213,0.0,0.00
13215,0.0,0.00
13217,0.0,0.00
13219,,(D)
13221,0.0,0.00
13223,0.0,0.00
13225,0.0,0.00
13227,0.0,0.00
13229,0.050199999999999995,5.02
13231,0.0,0.00
13233,,(D)
13235,0.4955,49.55
13237,,(D)
13239,,(D)
13241,0.0,0.00
13243,0.5084000000000001,50.84
13245,0.0,0.00
13247,0.0,0.00
13249,,(D)
13251,0.4498,44.98
13253,0.4935,49.35
13255,0.0,0.00
13257,0.0,0.00
13259,0.0,0.00
13261,0.39289999999999997,39.29
13263,0.0,0.00
13265,0.0,0.00
13267,0.07150000000000001,7.15
13269,0.0,0.00
13271,0.34,34.00
13273,0.4575,45.75
13275,0.1164,11.64
13277,0.3248,32.48
13279,0.244,24.40
13281,0.0,0.00
13283,,(D)
13285,0.0,0.00
13287,0.6518,65.18
13289,0.26489999999999997,26.49
13291,0.0,0.00
13293,,(D)
13295,,(D)
13297,,(D)
13299,,(D)
13301,,(D)
13303,,(D)
13305,0.32880000000000004,32.88
13307,0.2907,29.07
13309,,(D)
13311,0.0,0.00
13313,0.0,0.00
13315,0.2434,24.34
13317,0.0,0.00
13319,,(D)
13321,0.23879999999999998,23.88
15001,0.0,0.00
15003,0.0,0.00
15007,0.0,0.00
15009,0.0,0.00
16001,0.0,0.00
16003,0.0,0.00
16005,0.0,0.00
16007,0.0,0.00
16009,0.0,0.00
16011,0.0,0.00
16013,0.0,0.00
16015,0.0,0.00
16017,0.0,0.00
16019,0.0,0.00
16021,0.0,0.00
16023,0.0,0.00
16025,0.0,0.00
16027,0.0,0.00
16029,0.0,0.00
16031,0.0,0.00
16033,0.0,0.00
16035,0.0,0.00
16037,0.0,0.00
16039,0.0,0.00
16041,0.0,0.00
16043,0.0,0.00
16045,0.0,0.00
16047,0.0,0.00
16049,0.0,0.00
16051,0.0,0.00
16053,0.0,0.00
16055,0.0,0.00
16057,0.0,0.00
16059,0.0,0.00
16061,0.0,0.00
16063,0.0,0.00
16065,0.0,0.00
16067,0.0,0.00
16069,0.0,0.00
16071,0.0,0.00
16073,0.0,0.00
16075,0.0,0.00
16077,0.0,0.00
16079,0.0,0.00
16081,0.0,0.00
16083,0.0,0.00
16085,0.0,0.00
16087,0.0,0.00
17001,0.0,0.00
17003,,(D)
17005,0.0,0.00
17007,0.0,0.00
17009,0.0,0.00
17011,0.0,0.00
17013,0.0,0.00
17015,0.0,0.00
17017,0.0,0.00
17019,0.0,0.00
17021,0.0,0.00
17023,0.0,0.00
17025,0.0,0.00
17027,0.0,0.00
17029,0.0,0.00
17031,0.0,0.00
17033,0.0,0.00
17035,0.0,0.00
17037,0.0,0.00
17039,0.0,0.00
17041,0.0,0.00
17043,0.0,0.00
17045,0.0,0.00
17047,0.0,0.00
17049,0.0,0.00
17051,0.0,0.00
17053,0.0,0.00
17055,0.0,0.00
17057,0.0,0.00
17059,0.0,0.00
17061,0.0,0.00
17063,0.0,0.00
17065,0.0,0.00
17067,0.0,0.00
17069,0.0,0.00
17071,0.0,0.00
17073,0.0,0.00
17075,0.0,0.00
17077,0.0,0.00
17079,0.0,0.00
17081,0.0,0.00
17083,0.0,0.00
17085,0.0,0.00
17087,0.0,0.00
17089,0.0,0.00
17091,0.0,0.00
17093,0.0,0.00
17095,0.0,0.00
17097,0.0,0.00
17099,0.0,0.00
17101,0.0,0.00
17103,0.0,0.00
17105,0.0,0.00
17107,0.0,0.00
17109,0.0,0.00
17111,0.0,0.00
17113,0.0,0.00
17115,0.0,0.00
17117,0.0,0.00
17119,0.0,0.00
17121,0.0,0.00
17123,0.0,0.00
17125,0.0,0.00
17127,0.0,0.00
17129,0.0,0.00
17131,0.0,0.00
17133,0.0,0.00
17135,0.0,0.00
17137,0.0,0.00
17139,0.0,0.00
17141,0.0,0.00
17143,0.0,0.00
17145,0.0,0.00
17147,0.0,0.00
17149,0.0,0.00
17151,0.0,0.00
17153,0.0,0.00
17155,0.0,0.00
17157,0.0,0.00
17159,0.0,0.00
17161,0.0,0.00
17163,0.0,0.00
17165,0.0,0.00
17167,0.0,0.00
17169,0.0,0.00
17171,0.0,0.00
17173,0.0,0.00
17175,0.0,0.00
17177,0.0,0.00
17179,0.0,0.00
17181,0.0,0.00
17183,0.0,0.00
17185,0.0,0.00
17187,0.0,0.00
17189,0.0,0.00
17191,0.0,0.00
17193,0.0,0.00
17195,0.0,0.00
17197,0.0,0.00
17199,0.0,0.00
17201,0.0,0.00
17203,0.0,0.00
18001,0.0,0.00
18003,0.0,0.00
18005,0.0,0.00
18007,0.0,0.00
18009,0.0,0.00
18011,0.0,0.00
18013,0.0,0.00
18015,0.0,0.00
18017,0.0,0.00
18019,0.0,0.00
18021,0.0,0.00
18023,0.0,0.00
18025,0.0,0.00
18027,0.0,0.00
18029,0.0,0.00
18031,0.0,0.00
18033,0.0,0.00
18035,0.0,0.00
18037,0.0,0.00
18039,0.0,0.00
18041,0.0,0.00
18043,0.0,0.00
18045,0.0,0.00
18047,0.0,0.00
18049,0.0,0.00
18051,0.0,0.00
18053,0.0,0.00
18055,0.0,0.00
18057,0.0,0.00
18059,0.0,0.00
18061,0.0,0.00
18063,0.0,0.00
18065,0.0,0.00
18067,0.0,0.00
18069,0.0,0.00
18071,0.0,0.00
18073,0.0,0.00
18075,0.0,0.00
18077,0.0,0.00
18079,0.0,0.00
18081,0.0,0.00
18083,0.0,0.00
18085,0.0,0.00
18087,0.0,0.00
18089,0.0,0.00
18091,0.0,0.00
18093,0.0,0.00
18095,0.0,0.00
18097,0.0,0.00
18099,0.0,0.00
18101,0.0,0.00
18103,0.0,0.00
18105,0.0,0.00
18107,0.0,0.00
18109,0.0,0.00
18111,0.0,0.00
18113,0.0,0.00
18115,0.0,0.00
18117,0.0,0.00
18119,0.0,0.00
18121,0.0,0.00
18123,0.0,0.00
18125,0.0,0.00
18127,0.0,0.00
18129,0.0,0.00
18131,0.0,0.00
18133,0.0,0.00
18135,0.0,0.00
18137,0.0,0.00
18139,0.0,0.00
18141,0.0,0.00
18143,0.0,0.00
18145,0.0,0.00
18147,0.0,0.00
18149,0.0,0.00
18151,0.0,0.00
18153,0.0,0.00
18155,0.0,0.00
18157,0.0,0.00
18159,0.0,0.00
18161,0.0,0.00
18163,0.0,0.00
18165,0.0,0.00
18167,0.0,0.00
18169,0.0,0.00
18171,0.0,0.00
18173,0.0,0.00
18175,0.0,0.00
18177,0.0,0.00
18179,0.0,0.00
18181,0.0,0.00
18183,0.0,0.00
19001,0.0,0.00
19003,0.0,0.00
19005,0.0,0.00
19007,0.0,0.00
19009,0.0,0.00
19011,0.0,0.00
19013,0.0,0.00
19015,0.0,0.00
19017,0.0,0.00
19019,0.0,0.00
19021,0.0,0.00
19023,0.0,0.00
19025,0.0,0.00
19027,0.0,0.00
19029,0.0,0.00
19031,0.0,0.00
19033,0.0,0.00
19035,0.0,0.00
19037,0.0,0.00
19039,0.0,0.00
19041,0.0,0.00
19043,0.0,0.00
19045,0.0,0.00
19047,0.0,0.00
19049,0.0,0.00
19051,0.0,0.00
19053,0.0,0.00
19055,0.0,0.00
19057,0.0,0.00
19059,0.0,0.00
19061,0.0,0.00
19063,0.0,0.00
19065,0.0,0.00
19067,0.0,0.00
19069,0.0,0.00
19071,0.0,0.00
19073,0.0,0.00
19075,0.0,0.00
19077,0.0,0.00
19079,0.0,0.00
19081,0.0,0.00
19083,0.0,0.00
19085,0.0,0.00
19087,0.0,0.00
19089,0.0,0.00
19091,0.0,0.00
19093,0.0,0.00
19095,0.0,0.00
19097,0.0,0.00
19099,0.0,0.00
19101,0.0,0.00
19103,0.0,0.00
19105,0.0,0.00
19107,0.0,0.00
19109,0.0,0.00
19111,0.0,0.00
19113,0.0,0.00
19115,0.0,0.00
19117,0.0,0.00
19119,0.0,0.00
19121,0.0,0.00
19123,0.0,0.00
19125,0.0,0.00
19127,0.0,0.00
19129,0.0,0.00
19131,0.0,0.00
19133,0.0,0.00
19135,0.0,0.00
19137,0.0,0.00
19139,0.0,0.00
19141,0.0,0.00
19143,0.0,0.00
19145,0.0,0.00
19147,0.0,0.00
19149,0.0,0.00
19151,0.0,0.00
19153,0.0,0.00
19155,0.0,0.00
19157,0.0,0.00
19159,0.0,0.00
19161,0.0,0.00
19163,0.0,0.00
19165,0.0,0.00
19167,0.0,0.00
19169,0.0,0.00
19171,0.0,0.00
19173,0.0,0.00
19175,0.0,0.00
19177,0.0,0.00
19179,0.0,0.00
19181,0.0,0.00
19183,0.0,0.00
19185,0.0,0.00
19187,0.0,0.00
19189,0.0,0.00
19191,0.0,0.00
19193,0.0,0.00
19195,0.0,0.00
19197,0.0,0.00
20001,0.0,0.00
20003,0.0,0.00
20005,0.0,0.00
20007,0.10529999999999999,10.53
20009,0.0,0.00
20011,0.0,0.00
20013,0.0,0.00
20015,0.21,21.00
20017,0.0,0.00
20019,0.0,0.00
20021,0.0,0.00
20023,0.0,0.00
20025,0.0,0.00
20027,0.0,0.00
20029,0.0,0.00
20031,0.0,0.00
20033,0.0,0.00
20035,0.0,0.00
20037,0.0,0.00
20039,0.0,0.00
20041,0.0,0.00
20043,0.0,0.00
20045,0.0,0.00
20047,,(D)
20049,0.0,0.00
20051,0.0,0.00
20053,0.0,0.00
20055,,(D)
20057,,(D)
20059,0.0,0.00
20061,0.0,0.00
20063,0.0,0.00
20065,0.0,0.00
20067,,(D)
20069,,(D)
20071,0.0,0.00
20073,0.0,0.00
20075,0.0,0.00
20077,0.035699999999999996,3.57
20079,0.2636,26.36
20081,0.7148,71.48
20083,,(D)
20085,0.0,0.00
20087,0.0,0.00
20089,0.0,0.00
20091,0.0,0.00
20093,0.0,0.00
20095,,(D)
20097,,(D)
20099,0.0,0.00
20101,0.0,0.00
20103,0.0,0.00
20105,0.0,0.00
20107,0.0,0.00
20109,0.0,0.00
20111,0.0,0.00
20113,0.0,0.00
20115,0.0,0.00
20117,0.0,0.00
20119,1.0,100.00
20121,0.0,0.00
20123,0.0,0.00
20125,0.0,0.00
20127,0.0,0.00
20129,0.85,85.00
20131,0.0,0.00
20133,0.0,0.00
20135,0.0,0.00
20137,0.0,0.00
20139,0.0,0.00
20141,0.0,0.00
20143,0.0,0.00
20145,0.0,0.00
20147,0.0,0.00
20149,0.0,0.00
20151,0.3307,33.07
20153,0.0,0.00
20155,0.2045,20.45
20157,0.0,0.00
20159,0.0,0.00
20161,0.0,0.00
20163,0.0,0.00
20165,,(D)
20167,0.0,0.00
20169,0.0,0.00
20171,0.0,0.00
20173,0.1796,17.96
20175,0.1456,14.56
20177,0.0,0.00
20179,0.0,0.00
20181,0.0,0.00
20183,0.0,0.00
20185,0.0,0.00
20187,0.0,0.00
20189,0.7519,75.19
20191,0.0091,0.91
20193,0.0,0.00
20195,0.0,0.00
20197,0.0,0.00
20199,0.0,0.00
20201,0.0,0.00
20203,0.0,0.00
20205,0.0,0.00
20207,0.0,0.00
20209,0.0,0.00
21001,0.0,0.00
21003,0.0,0.00
21005,0.0,0.00
21007,0.0,0.00
21009,0.0,0.00
21011,0.0,0.00
21013,0.0,0.00
21015,0.0,0.00
21017,0.0,0.00
21019,0.0,0.00
21021,0.0,0.00
21023,0.0,0.00
21025,0.0,0.00
21027,0.0,0.00
21029,0.0,0.00
21031,0.0,0.00
21033,0.0,0.00
21035,0.0,0.00
21037,0.0,0.00
21039,0.0,0.00
21041,0.0,0.00
21043,0.0,0.00
21045,0.0,0.00
21047,0.0,0.00
21049,0.0,0.00
21051,0.0,0.00
21053,0.0,0.00
21055,0.0,0.00
21057,0.0,0.00
21059,0.0,0.00
21061,0.0,0.00
21063,0.0,0.00
21065,0.0,0.00
21067,0.0,0.00
21069,0.0,0.00
21071,0.0,0.00
21073,0.0,0.00
21075,0.0,0.00
21077,0.0,0.00
21079,0.0,0.00
21081,0.0,0.00
21083,0.0,0.00
21085,0.0,0.00
21087,0.0,0.00
21089,0.0,0.00
21091,0.0,0.00
21093,0.0,0.00
21095,0.0,0.00
21097,0.0,0.00
21099,0.0,0.00
21101,0.0,0.00
21103,0.0,0.00
21105,0.0,0.00
21107,0.0,0.00
21109,0.0,0.00
21111,0.0,0.00
21113,0.0,0.00
21115,0.0,0.00
21117,0.0,0.00
21119,0.0,0.00
21121,0.0,0.00
21123,0.0,0.00
21125,0.0,0.00
21127,0.0,0.00
21129,0.0,0.00
21131,0.0,0.00
21133,0.0,0.00
21135,0.0,0.00
21137,0.0,0.00
21139,0.0,0.00
21141,0.0,0.00
21143,0.0,0.00
21145,0.0,0.00
21147,0.0,0.00
21149,0.0,0.00
21151,0.0,0.00
21153,0.0,0.00
21155,0.0,0.00
21157,0.0,0.00
21159,0.0,0.00
21161,0.0,0.00
21163,0.0,0.00
21165,0.0,0.00
21167,0.0,0.00
21169,0.0,0.00
21171,0.0,0.00
21173,0.0,0.00
21175,0.0,0.00
21177,0.0,0.00
21179,0.0,0.00
21181,0.0,0.00
21183,0.0,0.00
21185,0.0,0.00
21187,0.0,0.00
21189,0.0,0.00
21191,0.0,0.00
21193,0.0,0.00
21195,0.0,0.00
21197,0.0,0.00
21199,0.0,0.00
21201,0.0,0.00
21203,0.0,0.00
21205,0.0,0.00
21207,0.0,0.00
21209,0.0,0.00
21211,0.0,0.00
21213,0.0,0.00
21215,0.0,0.00
21217,0.0,0.00
21219,0.0,0.00
21221,0.0,0.00
21223,0.0,0.00
21225,0.0,0.00
21227,0.0,0.00
21229,0.0,0.00
21231,0.0,0.00
21233,0.0,0.00
21235,0.0,0.00
21237,0.0,0.00
21239,0.0,0.00
22001,0.0,0.00
22003,0.0,0.00
22005,0.0,0.00
22007,0.0,0.00
22009,,(D)
22011,0.0,0.00
22013,0.0,0.00
22015,,(D)
22017,0.5605,56.05
22019,0.0,0.00
22021,,(D)
22023,0.0,0.00
22025,0.27649999999999997,27.65
22027,0.0,0.00
22029,,(D)
22031,0.0,0.00
22033,0.0,0.00
22035,,(D)
22037,0.0,0.00
22039,0.0,0.00
22041,0.5644,56.44
22043,,(D)
22045,0.0,0.00
22047,0.0,0.00
22049,0.0,0.00
22051,0.0,0.00
22053,0.0,0.00
22055,0.0,0.00
22057,0.0,0.00
22059,0.0,0.00
22061,0.0,0.00
22063,0.0,0.00
22065,0.5266,52.66
22067,0.6076,60.76
22069,,(D)
22071,0.0,0.00
22073,0.5787,57.87
22075,0.0,0.00
22077,,(D)
22079,0.0055000000000000005,0.55
22081,0.0,0.00
22083,0.6640999999999999,66.41
22085,0.0,0.00
22087,0.0,0.00
22089,0.0,0.00
22091,0.0,0.00
22093,0.0,0.00
22095,0.0,0.00
22097,0.0,0.00
22099,0.0,0.00
22101,0.0,0.00
22103,0.0,0.00
22105,0.0,0.00
22107,0.2895,28.95
22109,0.0,0.00
22111,0.0,0.00
22113,0.0,0.00
22115,0.0,0.00
22117,0.0,0.00
22119,0.0,0.00
22121,0.0,0.00
22123,0.9059,90.59
22125,0.0,0.00
22127,0.0,0.00
23001,0.0,0.00
23003,0.0,0.00
23005,0.0,0.00
23007,0.0,0.00
23009,0.0,0.00
23011,0.0,0.00
23013,0.0,0.00
23015,0.0,0.00
23017,0.0,0.00
23019,0.0,0.00
23021,0.0,0.00
23023,0.0,0.00
23025,0.0,0.00
23027,0.0,0.00
23029,0.0,0.00
23031,0.0,0.00
24001,0.0,0.00
24003,0.0,0.00
24005,0.0,0.00
24009,0.0,0.00
24011,0.0,0.00
24013,0.0,0.00
24015,0.0,0.00
24017,0.0,0.00
24019,0.0,0.00
24021,0.0,0.00
24023,0.0,0.00
24025,0.0,0.00
24027,0.0,0.00
24029,0.0,0.00
24031,0.0,0.00
24033,0.0,0.00
24035,0.0,0.00
24037,0.0,0.00
24039,0.0,0.00
24041,0.0,0.00
24043,0.0,0.00
24045,0.0,0.00
24047,0.0,0.00
25001,0.0,0.00
25003,0.0,0.00
25005,0.0,0.00
25007,0.0,0.00
25009,0.0,0.00
25011,0.0,0.00
25013,0.0,0.00
25015,0.0,0.00
25017,0.0,0.00
25019,0.0,0.00
25021,0.0,0.00
25023,0.0,0.00
25025,0.0,0.00
25027,0.0,0.00
26001,0.0,0.00
26003,0.0,0.00
26005,0.0,0.00
26007,0.0,0.00
26009,0.0,0.00
26011,0.0,0.00
26013,0.0,0.00
26015,0.0,0.00
26017,0.0,0.00
26019,0.0,0.00
26021,0.0,0.00
26023,0.0,0.00
26025,0.0,0.00
26027,0.0,0.00
26029,0.0,0.00
26031,0.0,0.00
26033,0.0,0.00
26035,0.0,0.00
26037,0.0,0.00
26039,0.0,0.00
26041,0.0,0.00
26043,0.0,0.00
26045,0.0,0.00
26047,0.0,0.00
26049,0.0,0.00
26051,0.0,0.00
26053,0.0,0.00
26055,0.0,0.00
26057,0.0,0.00
26059,0.0,0.00
26061,0.0,0.00
26063,0.0,0.00
26065,0.0,0.00
26067,0.0,0.00
26069,0.0,0.00
26071,0.0,0.00
26073,0.0,0.00
26075,0.0,0.00
26077,0.0,0.00
26079,0.0,0.00
26081,0.0,0.00
26083,0.0,0.00
26085,0.0,0.00
26087,0.0,0.00
26089,0.0,0.00
26091,0.0,0.00
26093,0.0,0.00
26095,0.0,0.00
26097,0.0,0.00
26099,0.0,0.00
26101,0.0,0.00
26103,0.0,0.00
26105,0.0,0.00
26107,0.0,0.00
26109,0.0,0.00
26111,0.0,0.00
26113,0.0,0.00
26115,0.0,0.00
26117,0.0,0.00
26119,0.0,0.00
26121,0.0,0.00
26123,0.0,0.00
26125,0.0,0.00
26127,0.0,0.00
26129,0.0,0.00
26131,0.0,0.00
26133,0.0,0.00
26135,0.0,0.00
26137,0.0,0.00
26139,0.0,0.00
26141,0.0,0.00
26143,0.0,0.00
26145,0.0,0.00
26147,0.0,0.00
26149,0.0,0.00
26151,0.0,0.00
26153,0.0,0.00
26155,0.0,0.00
26157,0.0,0.00
26159,0.0,0.00
26161,0.0,0.00
26163,0.0,0.00
26165,0.0,0.00
27001,0.0,0.00
27003,0.0,0.00
27005,0.0,0.00
27007,0.0,0.00
27009,0.0,0.00
27011,0.0,0.00
27013,0.0,0.00
27015,0.0,0.00
27017,0.0,0.00
27019,0.0,0.00
27021,0.0,0.00
27023,0.0,0.00
27025,0.0,0.00
27027,0.0,0.00
27029,0.0,0.00
27031,0.0,0.00
27033,0.0,0.00
27035,0.0,0.00
27037,0.0,0.00
27039,0.0,0.00
27041,0.0,0.00
27043,0.0,0.00
27045,0.0,0.00
27047,0.0,0.00
27049,0.0,0.00
27051,0.0,0.00
27053,0.0,0.00
27055,0.0,0.00
27057,0.0,0.00
27059,0.0,0.00
27061,0.0,0.00
27063,0.0,0.00
27065,0.0,0.00
27067,0.0,0.00
27069,0.0,0.00
27071,0.0,0.00
27073,0.0,0.00
27075,0.0,0.00
27077,0.0,0.00
27079,0.0,0.00
27081,0.0,0.00
27083,0.0,0.00
27085,0.0,0.00
27087,0.0,0.00
27089,0.0,0.00
27091,0.0,0.00
27093,0.0,0.00
27095,0.0,0.00
27097,0.0,0.00
27099,0.0,0.00
27101,0.0,0.00
27103,0.0,0.00
27105,0.0,0.00
27107,0.0,0.00
27109,0.0,0.00
27111,0.0,0.00
27113,0.0,0.00
27115,0.0,0.00
27117,0.0,0.00
27119,0.0,0.00
27121,0.0,0.00
27123,0.0,0.00
27125,0.0,0.00
27127,0.0,0.00
27129,0.0,0.00
27131,0.0,0.00
27133,0.0,0.00
27135,0.0,0.00
27137,0.0,0.00
27139,0.0,0.00
27141,0.0,0.00
27143,0.0,0.00
27145,0.0,0.00
27147,0.0,0.00
27149,0.0,0.00
27151,0.0,0.00
27153,0.0,0.00
27155,0.0,0.00
27157,0.0,0.00
27159,0.0,0.00
27161,0.0,0.00
27163,0.0,0.00
27165,0.0,0.00
27167,0.0,0.00
27169,0.0,0.00
27171,0.0,0.00
27173,0.0,0.00
28001,,(D)
28003,0.0,0.00
28005,0.0,0.00
28007,,(D)
28009,0.0,0.00
28011,,(D)
28013,,(D)
28015,0.4968,49.68
28017,,(D)
28019,0.0,0.00
28021,,(D)
28023,,(D)
28025,0.0,0.00
28027,,(D)
28029,0.0,0.00
28031,0.0,0.00
28033,0.2445,24.45
28035,,(D)
28037,0.0,0.00
28039,0.0,0.00
28041,0.0,0.00
28043,,(D)
28045,0.0,0.00
28047,0.0,0.00
28049,0.0,0.00
28051,,(D)
28053,0.7293999999999999,72.94
28055,,(D)
28057,0.0,0.00
28059,,(D)
28061,0.0,0.00
28063,0.0,0.00
28065,0.0,0.00
28067,0.0,0.00
28069,0.0,0.00
28071,,(D)
28073,0.0,0.00
28075,0.0,0.00
28077,0.0,0.00
28079,0.0,0.00
28081,0.0,0.00
28083,0.8928,89.28
28085,0.0,0.00
28087,0.20929999999999999,20.93
28089,0.0,0.00
28091,0.0,0.00
28093,0.0,0.00
28095,0.0,0.00
28097,0.0,0.00
28099,,(D)
28101,0.0,0.00
28103,0.3165,31.65
28105,,(D)
28107,0.3886,38.86
28109,0.0,0.00
28111,,(D)
28113,0.0,0.00
28115,0.0,0.00
28117,0.0,0.00
28119,0.6213000000000001,62.13
28121,0.0,0.00
28123,,(D)
28125,0.2821,28.21
28127,0.0,0.00
28129,,(D)
28131,,(D)
28133,0.564,56.40
28135,0.7012999999999999,70.13
28137,0.0,0.00
28139,,(D)
28141,0.0,0.00
28143,0.7432,74.32
28145,0.0,0.00
28147,0.0,0.00
28149,,(D)
28151,0.7559999999999999,75.60
28153,0.0,0.00
28155,,(D)
28157,0.0,0.00
28159,0.0,0.00
28161,0.1094,10.94
28163,0.4147,41.47
29001,0.0,0.00
29003,0.0,0.00
29005,0.0,0.00
29007,0.0,0.00
29009,0.0,0.00
29011,0.0,0.00
29013,0.0,0.00
29015,0.0,0.00
29017,0.0,0.00
29019,0.0,0.00
29021,0.0,0.00
29023,,(D)
29025,0.0,0.00
29027,0.0,0.00
29029,0.0,0.00
29031,0.0,0.00
29033,0.0,0.00
29035,0.0,0.00
29037,0.0,0.00
29039,0.0,0.00
29041,0.0,0.00
29043,0.0,0.00
29045,0.0,0.00
29047,0.0,0.00
29049,0.0,0.00
29051,0.0,0.00
29053,0.0,0.00
29055,0.0,0.00
29057,0.0,0.00
29059,0.0,0.00
29061,0.0,0.00
29063,0.0,0.00
29065,0.0,0.00
29067,0.0,0.00
29069,0.6247,62.47
29071,0.0,0.00
29073,0.0,0.00
29075,0.0,0.00
29077,0.0,0.00
29079,0.0,0.00
29081,0.0,0.00
29083,0.0,0.00
29085,0.0,0.00
29087,0.0,0.00
29089,0.0,0.00
29091,0.0,0.00
29093,0.0,0.00
29095,0.0,0.00
29097,0.0,0.00
29099,0.0,0.00
29101,0.0,0.00
29103,0.0,0.00
29105,0.0,0.00
29107,0.0,0.00
29109,0.0,0.00
29111,0.0,0.00
29113,0.0,0.00
29115,0.0,0.00
29117,0.0,0.00
29119,0.0,0.00
29121,0.0,0.00
29123,0.0,0.00
29125,0.0,0.00
29127,0.0,0.00
29129,0.0,0.00
29131,0.0,0.00
29133,,(D)
29135,0.0,0.00
29137,0.0,0.00
29139,0.0,0.00
29141,0.0,0.00
29143,0.6296,62.96
29145,0.0,0.00
29147,0.0,0.00
29149,0.0,0.00
29151,0.0,0.00
29153,0.0,0.00
29155,0.6015999999999999,60.16
29157,0.0,0.00
29159,0.0,0.00
29161,0.0,0.00
29163,0.0,0.00
29165,0.0,0.00
29167,0.0,0.00
29169,0.0,0.00
29171,0.0,0.00
29173,0.0,0.00
29175,0.0,0.00
29177,0.0,0.00
29179,0.0,0.00
29181,0.0,0.00
29183,0.0,0.00
29185,0.0,0.00
29186,0.0,0.00
29187,0.0,0.00
29189,0.0,0.00
29195,0.0,0.00
29197,0.0,0.00
29199,0.0,0.00
29201,,(D)
29203,0.0,0.00
29205,0.0,0.00
29207,0.6748999999999999,67.49
29209,0.0,0.00
29211,0.0,0.00
29213,0.0,0.00
29215,0.0,0.00
29217,0.0,0.00
29219,0.0,0.00
29221,0.0,0.00
29223,0.0,0.00
29225,0.0,0.00
29227,0.0,0.00
29229,0.0,0.00
30001,0.0,0.00
30003,0.0,0.00
30005,0.0,0.00
30007,0.0,0.00
30009,0.0,0.00
30011,0.0,0.00
30013,0.0,0.00
30015,0.0,0.00
30017,0.0,0.00
30019,0.0,0.00
30021,0.0,0.00
30023,0.0,0.00
30025,0.0,0.00
30027,0.0,0.00
30029,0.0,0.00
30031,0.0,0.00
30033,0.0,0.00
30035,0.0,0.00
30037,0.0,0.00
30039,0.0,0.00
30041,0.0,0.00
30043,0.0,0.00
30045,0.0,0.00
30047,0.0,0.00
30049,0.0,0.00
30051,0.0,0.00
30053,0.0,0.00
30055,0.0,0.00
30057,0.0,0.00
30059,0.0,0.00
30061,0.0,0.00
30063,0.0,0.00
30065,0.0,0.00
30067,0.0,0.00
30069,0.0,0.00
30071,0.0,0.00
30073,0.0,0.00
30075,0.0,0.00
30077,0.0,0.00
30079,0.0,0.00
30081,0.0,0.00
30083,0.0,0.00
30085,0.0,0.00
30087,0.0,0.00
30089,0.0,0.00
30091,0.0,0.00
30093,0.0,0.00
30095,0.0,0.00
30097,0.0,0.00
30099,0.0,0.00
30101,0.0,0.00
30103,0.0,0.00
30105,0.0,0.00
30107,0.0,0.00
30109,0.0,0.00
30111,0.0,0.00
31001,0.0,0.00
31003,0.0,0.00
31005,0.0,0.00
31007,0.0,0.00
31009,0.0,0.00
31011,0.0,0.00
31013,0.0,0.00
31015,0.0,0.00
31017,0.0,0.00
31019,0.0,0.00
31021,0.0,0.00
31023,0.0,0.00
31025,0.0,0.00
31027,0.0,0.00
31029,0.0,0.00
31031,0.0,0.00
31033,0.0,0.00
31035,0.0,0.00
31037,0.0,0.00
31039,0.0,0.00
31041,0.0,0.00
31043,0.0,0.00
31045,0.0,0.00
31047,0.0,0.00
31049,0.0,0.00
31051,0.0,0.00
31053,0.0,0.00
31055,0.0,0.00
31057,0.0,0.00
31059,0.0,0.00
31061,0.0,0.00
31063,0.0,0.00
31065,0.0,0.00
31067,0.0,0.00
31069,0.0,0.00
31071,0.0,0.00
31073,0.0,0.00
31075,0.0,0.00
31077,0.0,0.00
31079,0.0,0.00
31081,0.0,0.00
31083,0.0,0.00
31085,0.0,0.00
31087,0.0,0.00
31089,0.0,0.00
31091,0.0,0.00
31093,0.0,0.00
31095,0.0,0.00
31097,0.0,0.00
31099,0.0,0.00
31101,0.0,0.00
31103,0.0,0.00
31105,0.0,0.00
31107,0.0,0.00
31109,0.0,0.00
31111,0.0,0.00
31113,0.0,0.00
31115,0.0,0.00
31117,0.0,0.00
31119,0.0,0.00
31121,0.0,0.00
31123,0.0,0.00
31125,0.0,0.00
31127,0.0,0.00
31129,0.0,0.00
31131,0.0,0.00
31133,0.0,0.00
31135,0.0,0.00
31137,0.0,0.00
31139,0.0,0.00
31141,0.0,0.00
31143,0.0,0.00
31145,0.0,0.00
31147,0.0,0.00
31149,0.0,0.00
31151,0.0,0.00
31153,0.0,0.00
31155,0.0,0.00
31157,0.0,0.00
31159,0.0,0.00
31161,0.0,0.00
31163,0.0,0.00
31165,0.0,0.00
31167,0.0,0.00
31169,0.0,0.00
31171,0.0,0.00
31173,0.0,0.00
31175,0.0,0.00
31177,0.0,0.00
31179,0.0,0.00
31181,0.0,0.00
31183,0.0,0.00
31185,0.0,0.00
32001,0.0,0.00
32003,0.0,0.00
32005,0.0,0.00
32007,0.0,0.00
32009,0.0,0.00
32011,0.0,0.00
32013,0.0,0.00
32015,0.0,0.00
32017,0.0,0.00
32019,0.0,0.00
32021,0.0,0.00
32023,0.0,0.00
32027,0.0,0.00
32029,0.0,0.00
32031,0.0,0.00
32033,0.0,0.00
32510,0.0,0.00
33001,0.0,0.00
33003,0.0,0.00
33005,0.0,0.00
33007,0.0,0.00
33009,0.0,0.00
33011,0.0,0.00
33013,0.0,0.00
33015,0.0,0.00
33017,0.0,0.00
33019,0.0,0.00
34001,0.0,0.00
34003,0.0,0.00
34005,0.0,0.00
34007,0.0,0.00
34009,0.0,0.00
34011,0.0,0.00
34013,0.0,0.00
34015,0.0,0.00
34017,0.0,0.00
34019,0.0,0.00
34021,0.0,0.00
34023,0.0,0.00
34025,0.0,0.00
34027,0.0,0.00
34029,0.0,0.00
34031,0.0,0.00
34033,0.0,0.00
34035,0.0,0.00
34037,0.0,0.00
34039,0.0,0.00
34041,0.0,0.00
35001,0.0,0.00
35003,0.0,0.00
35005,1.0,100.00
35006,0.0,0.00
35007,0.0,0.00
35009,1.0,100.00
35011,0.0,0.00
35013,1.0,100.00
35015,1.0,100.00
35017,0.0,0.00
35019,0.0,0.00
35021,0.0,0.00
35023,,(D)
35025,1.0,100.00
35027,0.0,0.00
35028,0.0,0.00
35029,1.0,100.00
35031,0.0,0.00
35033,0.0,0.00
35035,0.0,0.00
35037,,(D)
35039,0.0,0.00
35041,1.0,100.00
35043,0.0,0.00
35045,0.0,0.00
35047,0.0,0.00
35049,0.0,0.00
35051,,(D)
35053,0.0,0.00
35055,0.0,0.00
35057,0.0,0.00
35059,0.0,0.00
35061,0.0,0.00
36001,0.0,0.00
36003,0.0,0.00
36005,0.0,0.00
36007,0.0,0.00
36009,0.0,0.00
36011,0.0,0.00
36013,0.0,0.00
36015,0.0,0.00
36017,0.0,0.00
36019,0.0,0.00
36021,0.0,0.00
36023,0.0,0.00
36025,0.0,0.00
36027,0.0,0.00
36029,0.0,0.00
36031,0.0,0.00
36033,0.0,0.00
36035,0.0,0.00
36037,0.0,0.00
36039,0.0,0.00
36041,0.0,0.00
36043,0.0,0.00
36045,0.0,0.00
36047,0.0,0.00
36049,0.0,0.00
36051,0.0,0.00
36053,0.0,0.00
36055,0.0,0.00
36057,0.0,0.00
36059,0.0,0.00
36061,0.0,0.00
36063,0.0,0.00
36065,0.0,0.00
36067,0.0,0.00
36069,0.0,0.00
36071,0.0,0.00
36073,0.0,0.00
36075,0.0,0.00
36077,0.0,0.00
36079,0.0,0.00
36081,0.0,0.00
36083,0.0,0.00
36085,0.0,0.00
36087,0.0,0.00
36089,0.0,0.00
36091,0.0,0.00
36093,0.0,0.00
36095,0.0,0.00
36097,0.0,0.00
36099,0.0,0.00
36101,0.0,0.00
36103,0.0,0.00
36105,0.0,0.00
36107,0.0,0.00
36109,0.0,0.00
36111,0.0,0.00
36113,0.0,0.00
36115,0.0,0.00
36117,0.0,0.00
36119,0.0,0.00
36121,0.0,0.00
36123,0.0,0.00
37001,0.0,0.00
37003,0.0,0.00
37005,0.0,0.00
37007,0.0,0.00
37009,0.0,0.00
37011,0.0,0.00
37013,0.0,0.00
37015,0.0859,8.59
37017,,(D)
37019,,(D)
37021,0.0,0.00
37023,0.0,0.00
37025,,(D)
37027,0.0,0.00
37029,,(D)
37031,,(D)
37033,0.0,0.00
37035,0.0,0.00
37037,,(D)
37039,0.0,0.00
37041,0.085,8.50
37043,0.0,0.00
37045,0.0,0.00
37047,0.0,0.00
37049,0.0,0.00
37051,,(D)
37053,0.0,0.00
37055,0.0,0.00
37057,0.0,0.00
37059,0.0,0.00
37061,0.0,0.00
37063,0.0,0.00
37065,0.024399999999999998,2.44
37067,0.0,0.00
37069,,(D)
37071,0.0,0.00
37073,0.0989,9.89
37075,0.0,0.00
37077,0.0,0.00
37079,,(D)
37081,0.0,0.00
37083,0.0148,1.48
37085,0.008100000000000001,0.81
37087,0.0,0.00
37089,0.0,0.00
37091,,(D)
37093,,(D)
37095,,(D)
37097,,(D)
37099,0.0,0.00
37101,,(D)
37103,0.0,0.00
37105,,(D)
37107,,(D)
37109,,(D)
37111,0.0,0.00
37113,0.0,0.00
37115,0.0,0.00
37117,0.0,0.00
37119,0.0,0.00
37121,0.0,0.00
37123,,(D)
37125,0.0,0.00
37127,0.025099999999999997,2.51
37129,0.0,0.00
37131,0.045700000000000005,4.57
37133,0.0,0.00
37135,0.0,0.00
37137,,(D)
37139,,(D)
37141,,(D)
37143,0.0,0.00
37145,0.0,0.00
37147,,(D)
37149,0.0,0.00
37151,0.0,0.00
37153,,(D)
37155,,(D)
37157,0.0,0.00
37159,,(D)
37161,0.0,0.00
37163,,(D)
37165,0.0,0.00
37167,0.0,0.00
37169,0.0,0.00
37171,0.0,0.00
37173,0.0,0.00
37175,0.0,0.00
37177,,(D)
37179,0.0,0.00
37181,0.0,0.00
37183,,(D)
37185,,(D)
37187,0.0,0.00
37189,0.0,0.00
37191,0.0,0.00
37193,0.0,0.00
37195,,(D)
37197,0.0,0.00
37199,0.0,0.00
38001,0.0,0.00
38003,0.0,0.00
38005,0.0,0.00
38007,0.0,0.00
38009,0.0,0.00
38011,0.0,0.00
38013,0.0,0.00
38015,0.0,0.00
38017,0.0,0.00
38019,0.0,0.00
38021,0.0,0.00
38023,0.0,0.00
38025,0.0,0.00
38027,0.0,0.00
38029,0.0,0.00
38031,0.0,0.00
38033,0.0,0.00
38035,0.0,0.00
38037,0.0,0.00
38039,0.0,0.00
38041,0.0,0.00
38043,0.0,0.00
38045,0.0,0.00
38047,0.0,0.00
38049,0.0,0.00
38051,0.0,0.00
38053,0.0,0.00
38055,0.0,0.00
38057,0.0,0.00
38059,0.0,0.00
38061,0.0,0.00
38063,0.0,0.00
38065,0.0,0.00
38067,0.0,0.00
38069,0.0,0.00
38071,0.0,0.00
38073,0.0,0.00
38075,0.0,0.00
38077,0.0,0.00
38079,0.0,0.00
38081,0.0,0.00
38083,0.0,0.00
38085,0.0,0.00
38087,0.0,0.00
38089,0.0,0.00
38091,0.0,0.00
38093,0.0,0.00
38095,0.0,0.00
38097,0.0,0.00
38099,0.0,0.00
38101,0.0,0.00
38103,0.0,0.00
38105,0.0,0.00
39001,0.0,0.00
39003,0.0,0.00
39005,0.0,0.00
39007,0.0,0.00
39009,0.0,0.00
39011,0.0,0.00
39013,0.0,0.00
39015,0.0,0.00
39017,0.0,0.00
39019,0.0,0.00
39021,0.0,0.00
39023,0.0,0.00
39025,0.0,0.00
39027,0.0,0.00
39029,0.0,0.00
39031,0.0,0.00
39033,0.0,0.00
39035,0.0,0.00
39037,0.0,0.00
39039,0.0,0.00
39041,0.0,0.00
39043,0.0,0.00
39045,0.0,0.00
39047,0.0,0.00
39049,0.0,0.00
39051,0.0,0.00
39053,0.0,0.00
39055,0.0,0.00
39057,0.0,0.00
39059,0.0,0.00
39061,0.0,0.00
39063,0.0,0.00
39065,0.0,0.00
39067,0.0,0.00
39069,0.0,0.00
39071,0.0,0.00
39073,0.0,0.00
39075,0.0,0.00
39077,0.0,0.00
39079,0.0,0.00
39081,0.0,0.00
39083,0.0,0.00
39085,0.0,0.00
39087,0.0,0.00
39089,0.0,0.00
39091,0.0,0.00
39093,0.0,0.00
39095,0.0,0.00
39097,0.0,0.00
39099,0.0,0.00
39101,0.0,0.00
39103,0.0,0.00
39105,0.0,0.00
39107,0.0,0.00
39109,0.0,0.00
39111,0.0,0.00
39113,0.0,0.00
39115,0.0,0.00
39117,0.0,0.00
39119,0.0,0.00
39121,0.0,0.00
39123,0.0,0.00
39125,0.0,0.00
39127,0.0,0.00
39129,0.0,0.00
39131,0.0,0.00
39133,0.0,0.00
39135,0.0,0.00
39137,0.0,0.00
39139,0.0,0.00
39141,0.0,0.00
39143,0.0,0.00
39145,0.0,0.00
39147,0.0,0.00
39149,0.0,0.00
39151,0.0,0.00
39153,0.0,0.00
39155,0.0,0.00
39157,0.0,0.00
39159,0.0,0.00
39161,0.0,0.00
39163,0.0,0.00
39165,0.0,0.00
39167,0.0,0.00
39169,0.0,0.00
39171,0.0,0.00
39173,0.0,0.00
39175,0.0,0.00
40001,0.0,0.00
40003,0.0,0.00
40005,0.0,0.00
40007,,(D)
40009,0.1439,14.39
40011,,(D)
40013,0.0,0.00
40015,0.7025,70.25
40017,0.0,0.00
40019,0.0,0.00
40021,0.0,0.00
40023,0.0,0.00
40025,0.061500000000000006,6.15
40027,0.0,0.00
40029,0.0,0.00
40031,0.0,0.00
40033,0.0,0.00
40035,0.0,0.00
40037,0.0,0.00
40039,0.07,7.00
40041,0.0,0.00
40043,0.0,0.00
40045,0.6167,61.67
40047,0.0,0.00
40049,0.0,0.00
40051,,(D)
40053,,(D)
40055,,(D)
40057,0.225,22.50
40059,,(D)
40061,0.0,0.00
40063,0.0,0.00
40065,0.18760000000000002,18.76
40067,0.0,0.00
40069,0.0,0.00
40071,,(D)
40073,0.0,0.00
40075,,(D)
40077,0.0,0.00
40079,0.0,0.00
40081,,(D)
40083,0.0,0.00
40085,0.0,0.00
40087,0.0,0.00
40089,,(D)
40091,0.0,0.00
40093,,(D)
40095,,(D)
40097,0.0,0.00
40099,0.0,0.00
40101,0.0,0.00
40103,,(D)
40105,0.0,0.00
40107,,(D)
40109,,(D)
40111,0.0,0.00
40113,0.0,0.00
40115,0.0,0.00
40117,0.0,0.00
40119,0.0,0.00
40121,0.0,0.00
40123,0.0,0.00
40125,0.0,0.00
40127,0.0,0.00
40129,0.08109999999999999,8.11
40131,0.0,0.00
40133,0.0,0.00
40135,0.0,0.00
40137,0.0,0.00
40139,0.3885,38.85
40141,0.1973,19.73
40143,0.0,0.00
40145,0.0,0.00
40147,0.0,0.00
40149,0.0701,7.01
40151,0.0,0.00
40153,0.0,0.00
41001,0.0,0.00
41003,0.0,0.00
41005,0.0,0.00
41007,0.0,0.00
41009,0.0,0.00
41011,0.0,0.00
41013,0.0,0.00
41015,0.0,0.00
41017,0.0,0.00
41019,0.0,0.00
41021,0.0,0.00
41023,0.0,0.00
41025,0.0,0.00
41027,0.0,0.00
41029,0.0,0.00
41031,0.0,0.00
41033,0.0,0.00
41035,0.0,0.00
41037,0.0,0.00
41039,0.0,0.00
41041,0.0,0.00
41043,0.0,0.00
41045,0.0,0.00
41047,0.0,0.00
41049,0.0,0.00
41051,0.0,0.00
41053,0.0,0.00
41055,0.0,0.00
41057,0.0,0.00
41059,0.0,0.00
41061,0.0,0.00
41063,0.0,0.00
41065,0.0,0.00
41067,0.0,0.00
41069,0.0,0.00
41071,0.0,0.00
42001,0.0,0.00
42003,0.0,0.00
42005,0.0,0.00
42007,0.0,0.00
42009,0.0,0.00
42011,0.0,0.00
42013,0.0,0.00
42015,0.0,0.00
42017,0.0,0.00
42019,0.0,0.00
42021,0.0,0.00
42023,0.0,0.00
42025,0.0,0.00
42027,0.0,0.00
42029,0.0,0.00
42031,0.0,0.00
42033,0.0,0.00
42035,0.0,0.00
42037,0.0,0.00
42039,0.0,0.00
42041,0.0,0.00
42043,0.0,0.00
42045,0.0,0.00
42047,0.0,0.00
42049,0.0,0.00
42051,0.0,0.00
42053,0.0,0.00
42055,0.0,0.00
42057,0.0,0.00
42059,0.0,0.00
42061,0.0,0.00
42063,0.0,0.00
42065,0.0,0.00
42067,0.0,0.00
42069,0.0,0.00
42071,0.0,0.00
42073,0.0,0.00
42075,0.0,0.00
42077,0.0,0.00
42079,0.0,0.00
42081,0.0,0.00
42083,0.0,0.00
42085,0.0,0.00
42087,0.0,0.00
42089,0.0,0.00
42091,0.0,0.00
42093,0.0,0.00
42095,0.0,0.00
42097,0.0,0.00
42099,0.0,0.00
42101,0.0,0.00
42103,0.0,0.00
42105,0.0,0.00
42107,0.0,0.00
42109,0.0,0.00
42111,0.0,0.00
42113,0.0,0.00
42115,0.0,0.00
42117,0.0,0.00
42119,0.0,0.00
42121,0.0,0.00
42123,0.0,0.00
42125,0.0,0.00
42127,0.0,0.00
42129,0.0,0.00
42131,0.0,0.00
42133,0.0,0.00
44001,0.0,0.00
44003,0.0,0.00
44005,0.0,0.00
44007,0.0,0.00
44009,0.0,0.00
45001,,(D)
45003,0.0765,7.65
45005,,(D)
45007,0.0,0.00
45009,0.038599999999999995,3.86
45011,0.2065,20.65
45013,0.0,0.00
45015,0.0,0.00
45017,0.3239,32.39
45019,0.0,0.00
45021,0.0,0.00
45023,0.0,0.00
45025,,(D)
45027,0.1355,13.55
45029,0.0,0.00
45031,0.0126,1.26
45033,,(D)
45035,0.07730000000000001,7.73
45037,0.0,0.00
45039,0.0,0.00
45041,,(D)
45043,,(D)
45045,0.0,0.00
45047,0.0,0.00
45049,0.16449999999999998,16.45
45051,0.0,0.00
45053,0.0,0.00
45055,,(D)
45057,0.0,0.00
45059,0.0,0.00
45061,0.0958,9.58
45063,,(D)
45065,0.0,0.00
45067,,(D)
45069,0.0821,8.21
45071,,(D)
45073,0.0,0.00
45075,0.1891,18.91
45077,0.0,0.00
45079,,(D)
45081,0.0,0.00
45083,0.0,0.00
45085,0.24710000000000001,24.71
45087,0.0,0.00
45089,0.0113,1.13
45091,0.0,0.00
46003,0.0,0.00
46005,0.0,0.00
46007,0.0,0.00
46009,0.0,0.00
46011,0.0,0.00
46013,0.0,0.00
46015,0.0,0.00
46017,0.0,0.00
46019,0.0,0.00
46021,0.0,0.00
46023,0.0,0.00
46025,0.0,0.00
46027,0.0,0.00
46029,0.0,0.00
46031,0.0,0.00
46033,0.0,0.00
46035,0.0,0.00
46037,0.0,0.00
46039,0.0,0.00
46041,0.0,0.00
46043,0.0,0.00
46045,0.0,0.00
46047,0.0,0.00
46049,0.0,0.00
46051,0.0,0.00
46053,0.0,0.00
46055,0.0,0.00
46057,0.0,0.00
46059,0.0,0.00
46061,0.0,0.00
46063,0.0,0.00
46065,0.0,0.00
46067,0.0,0.00
46069,0.0,0.00
46071,0.0,0.00
46073,0.0,0.00
46075,0.0,0.00
46077,0.0,0.00
46079,0.0,0.00
46081,0.0,0.00
46083,0.0,0.00
46085,0.0,0.00
46087,0.0,0.00
46089,0.0,0.00
46091,0.0,0.00
46093,0.0,0.00
46095,0.0,0.00
46097,0.0,0.00
46099,0.0,0.00
46101,0.0,0.00
46102,0.0,0.00
46103,0.0,0.00
46105,0.0,0.00
46107,0.0,0.00
46109,0.0,0.00
46111,0.0,0.00
46115,0.0,0.00
46117,0.0,0.00
46119,0.0,0.00
46121,0.0,0.00
46123,0.0,0.00
46125,0.0,0.00
46127,0.0,0.00
46129,0.0,0.00
46135,0.0,0.00
46137,0.0,0.00
47001,0.0,0.00
47003,0.0,0.00
47005,0.0,0.00
47007,0.0,0.00
47009,0.0,0.00
47011,,(D)
47013,0.0,0.00
47015,0.0,0.00
47017,0.0946,9.46
47019,0.0,0.00
47021,0.0,0.00
47023,,(D)
47025,0.0,0.00
47027,0.0,0.00
47029,0.0,0.00
47031,,(D)
47033,0.0342,3.42
47035,0.0,0.00
47037,0.0,0.00
47039,,(D)
47041,0.0,0.00
47043,0.0,0.00
47045,0.1458,14.58
47047,0.0932,9.32
47049,0.0,0.00
47051,0.0,0.00
47053,0.0632,6.32
47055,,(D)
47057,,(D)
47059,0.0,0.00
47061,0.0,0.00
47063,0.0,0.00
47065,0.0,0.00
47067,0.0,0.00
47069,,(D)
47071,,(D)
47073,0.0,0.00
47075,0.1726,17.26
47077,0.0,0.00
47079,,(D)
47081,0.0,0.00
47083,0.0,0.00
47085,0.0,0.00
47087,0.0,0.00
47089,0.0,0.00
47091,0.0,0.00
47093,0.0,0.00
47095,,(D)
47097,0.1572,15.72
47099,0.0,0.00
47101,0.0,0.00
47103,,(D)
47105,0.0,0.00
47107,0.0,0.00
47109,0.0,0.00
47111,,(D)
47113,0.07780000000000001,7.78
47115,0.0,0.00
47117,0.0,0.00
47119,0.0,0.00
47121,0.0,0.00
47123,0.0,0.00
47125,0.0,0.00
47127,0.0,0.00
47129,0.0,0.00
47131,0.419,41.90
47133,0.0,0.00
47135,0.0,0.00
47137,0.0,0.00
47139,0.0,0.00
47141,0.0,0.00
47143,0.0,0.00
47145,0.0,0.00
47147,0.0,0.00
47149,,(D)
47151,0.0,0.00
47153,0.0,0.00
47155,0.0,0.00
47157,0.0,0.00
47159,0.0,0.00
47161,0.0,0.00
47163,0.0,0.00
47165,0.0,0.00
47167,0.1306,13.06
47169,0.0,0.00
47171,0.0,0.00
47173,0.0,0.00
47175,0.0,0.00
47177,0.0,0.00
47179,0.0,0.00
47181,0.0,0.00
47183,,(D)
47185,0.0,0.00
47187,0.0,0.00
47189,0.0,0.00
48001,0.0,0.00
48003,,(D)
48005,0.0,0.00
48007,0.0,0.00
48009,0.0,0.00
48011,0.13269999999999998,13.27
48013,,(D)
48015,,(D)
48017,0.46240000000000003,46.24
48019,0.0,0.00
48021,,(D)
48023,0.1743,17.43
48025,,(D)
48027,0.0,0.00
48029,,(D)
48031,0.0,0.00
48033,,(D)
48035,,(D)
48037,,(D)
48039,0.0,0.00
48041,,(D)
48043,0.0,0.00
48045,,(D)
48047,,(D)
48049,,(D)
48051,0.36829999999999996,36.83
48053,0.0,0.00
48055,0.0958,9.58
48057,,(D)
48059,0.0,0.00
48061,0.5539999999999999,55.40
48063,0.0,0.00
48065,0.2749,27.49
48067,0.0,0.00
48069,0.3517,35.17
48071,,(D)
48073,0.0,0.00
48075,0.11460000000000001,11.46
48077,,(D)
48079,0.5882000000000001,58.82
48081,,(D)
48083,0.0,0.00
48085,,(D)
48087,0.24050000000000002,24.05
48089,0.0397,3.97
48091,,(D)
48093,0.2622,26.22
48095,,(D)
48097,0.0,0.00
48099,,(D)
48101,,(D)
48103,0.0,0.00
48105,0.0,0.00
48107,0.4177,41.77
48109,,(D)
48111,0.4924,49.24
48113,0.0,0.00
48115,0.2464,24.64
48117,0.4943,49.43
48119,0.0,0.00
48121,,(D)
48123,,(D)
48125,0.19940000000000002,19.94
48127,0.0,0.00
48129,0.4415,44.15
48131,,(D)
48133,,(D)
48135,0.0,0.00
48137,0.0,0.00
48139,0.0,0.00
48141,,(D)
48143,1.0,100.00
48145,,(D)
48147,0.0,0.00
48149,,(D)
48151,,(D)
48153,0.5608,56.08
48155,,(D)
48157,,(D)
48159,0.0,0.00
48161,0.0,0.00
48163,0.7059000000000001,70.59
48165,0.4217,42.17
48167,0.0,0.00
48169,0.2656,26.56
48171,0.0,0.00
48173,0.44689999999999996,44.69
48175,,(D)
48177,0.0,0.00
48179,0.1322,13.22
48181,,(D)
48183,0.0,0.00
48185,,(D)
48187,0.0,0.00
48189,0.5251,52.51
48191,0.295,29.50
48193,,(D)
48195,0.5522,55.22
48197,,(D)
48199,0.0,0.00
48201,0.0,0.00
48203,0.0,0.00
48205,,(D)
48207,0.1989,19.89
48209,,(D)
48211,0.0,0.00
48213,0.0,0.00
48215,0.5329,53.29
48217,0.0218,2.18
48219,0.44170000000000004,44.17
48221,0.0,0.00
48223,0.0,0.00
48225,,(D)
48227,,(D)
48229,,(D)
48231,0.0,0.00
48233,0.254,25.40
48235,0.0,0.00
48237,,(D)
48239,0.0617,6.17
48241,,(D)
48243,0.0,0.00
48245,0.0,0.00
48247,0.0,0.00
48249,0.0,0.00
48251,0.0,0.00
48253,,(D)
48255,,(D)
48257,,(D)
48259,0.0,0.00
48261,0.0,0.00
48263,,(D)
48265,0.0,0.00
48267,0.0,0.00
48269,,(D)
48271,0.0,0.00
48273,0.0,0.00
48275,0.34630000000000005,34.63
48277,,(D)
48279,0.44909999999999994,44.91
48281,0.0,0.00
48283,0.0,0.00
48285,0.0,0.00
48287,0.0,0.00
48289,0.0,0.00
48291,,(D)
48293,0.0,0.00
48295,,(D)
48297,,(D)
48299,0.0,0.00
48301,0.0,0.00
48303,0.6920000000000001,69.20
48305,0.3296,32.96
48307,,(D)
48309,0.0345,3.45
48311,0.0,0.00
48313,,(D)
48315,,(D)
48317,0.35119999999999996,35.12
48319,0.0,0.00
48321,,(D)
48323,0.0,0.00
48325,0.7248,72.48
48327,0.0,0.00
48329,0.23420000000000002,23.42
48331,,(D)
48333,,(D)
48335,0.0506,5.06
48337,,(D)
48339,0.0,0.00
48341,0.589,58.90
48343,0.0,0.00
48345,0.2309,23.09
48347,0.0,0.00
48349,0.0,0.00
48351,0.0,0.00
48353,0.056299999999999996,5.63
48355,,(D)
48357,0.7234999999999999,72.35
48359,,(D)
48361,0.0,0.00
48363,0.0,0.00
48365,0.0,0.00
48367,0.0,0.00
48369,0.4799,47.99
48371,,(D)
48373,0.0,0.00
48375,0.0726,7.26
48377,0.0,0.00
48379,0.0,0.00
48381,0.3704,37.04
48383,1.0,100.00
48385,0.0,0.00
48387,0.0,0.00
48389,,(D)
48391,0.0,0.00
48393,,(D)
48395,,(D)
48397,0.0,0.00
48399,0.19510000000000002,19.51
48401,0.0,0.00
48403,0.0,0.00
48405,0.0,0.00
48407,,(D)
48409,0.0092,0.92
48411,0.0,0.00
48413,,(D)
48415,,(D)
48417,,(D)
48419,,(D)
48421,0.42969999999999997,42.97
48423,0.0,0.00
48425,0.0,0.00
48427,,(D)
48429,0.0,0.00
48431,0.0,0.00
48433,0.42200000000000004,42.20
48435,,(D)
48437,0.4303,43.03
48439,0.0,0.00
48441,0.0,0.00
48443,0.0,0.00
48445,0.4301,43.01
48447,,(D)
48449,0.0,0.00
48451,0.6908,69.08
48453,0.0,0.00
48455,0.0,0.00
48457,0.0,0.00
48459,0.0,0.00
48461,,(D)
48463,0.5882999999999999,58.83
48465,0.0,0.00
48467,0.0,0.00
48469,0.09269999999999999,9.27
48471,,(D)
48473,0.5804,58.04
48475,0.0,0.00
48477,0.0,0.00
48479,,(D)
48481,0.10439999999999999,10.44
48483,,(D)
48485,,(D)
48487,0.1252,12.52
48489,0.0308,3.08
48491,0.0,0.00
48493,,(D)
48495,0.0,0.00
48497,0.0,0.00
48499,0.0,0.00
48501,0.35850000000000004,35.85
48503,,(D)
48505,0.0,0.00
48507,,(D)
49001,0.0,0.00
49003,0.0,0.00
49005,0.0,0.00
49007,0.0,0.00
49009,0.0,0.00
49011,0.0,0.00
49013,0.0,0.00
49015,0.0,0.00
49017,0.0,0.00
49019,0.0,0.00
49021,0.0,0.00
49023,0.0,0.00
49025,0.0,0.00
49027,0.0,0.00
49029,0.0,0.00
49031,0.0,0.00
49033,0.0,0.00
49035,0.0,0.00
49037,0.0,0.00
49039,0.0,0.00
49041,0.0,0.00
49043,0.0,0.00
49045,0.0,0.00
49047,0.0,0.00
49049,0.0,0.00
49051,0.0,0.00
49053,0.0,0.00
49055,0.0,0.00
49057,0.0,0.00
50001,0.0,0.00
50003,0.0,0.00
50005,0.0,0.00
50007,0.0,0.00
50009,0.0,0.00
50011,0.0,0.00
50013,0.0,0.00
50015,0.0,0.00
50017,0.0,0.00
50019,0.0,0.00
50021,0.0,0.00
50023,0.0,0.00
50025,0.0,0.00
50027,0.0,0.00
51001,,(D)
51003,0.0,0.00
51005,0.0,0.00
51007,0.0,0.00
51009,0.0,0.00
51011,0.0,0.00
51013,0.0,0.00
51015,0.0,0.00
51017,0.0,0.00
51019,0.0,0.00
51021,0.0,0.00
51023,0.0,0.00
51025,,(D)
51027,0.0,0.00
51029,0.0,0.00
51031,0.0,0.00
51033,0.0,0.00
51035,0.0,0.00
51036,,(D)
51037,0.0,0.00
51041,0.0,0.00
51043,0.0,0.00
51045,0.0,0.00
51047,0.0,0.00
51049,0.0,0.00
51051,0.0,0.00
51053,,(D)
51057,0.0,0.00
51059,0.0,0.00
51061,0.0,0.00
51063,0.0,0.00
51065,0.0,0.00
51067,0.0,0.00
51069,0.0,0.00
51071,0.0,0.00
51073,0.0,0.00
51075,0.0,0.00
51077,0.0,0.00
51079,0.0,0.00
51081,,(D)
51083,0.0,0.00
51085,0.0,0.00
51087,0.0,0.00
51089,0.0,0.00
51091,0.0,0.00
51093,,(D)
51095,0.0,0.00
51097,0.0,0.00
51099,0.0,0.00
51101,0.0,0.00
51103,0.0,0.00
51105,0.0,0.00
51107,0.0,0.00
51109,0.0,0.00
51111,0.0,0.00
51113,0.0,0.00
51115,0.0,0.00
51117,0.0,0.00
51119,0.0,0.00
51121,0.0,0.00
51125,0.0,0.00
51127,0.0,0.00
51131,,(D)
51133,0.0,0.00
51135,0.0,0.00
51137,0.0,0.00
51139,0.0,0.00
51141,0.0,0.00
51143,0.0,0.00
51145,0.0,0.00
51147,0.0,0.00
51149,0.0,0.00
51153,0.0,0.00
51155,0.0,0.00
51157,0.0,0.00
51159,0.0,0.00
51161,0.0,0.00
51163,0.0,0.00
51165,0.0,0.00
51167,0.0,0.00
51169,0.0,0.00
51171,0.0,0.00
51173,0.0,0.00
51175,0.0151,1.51
51177,0.0,0.00
51179,0.0,0.00
51181,0.0,0.00
51183,,(D)
51185,0.0,0.00
51187,0.0,0.00
51191,0.0,0.00
51193,0.0,0.00
51195,0.0,0.00
51197,0.0,0.00
51199,0.0,0.00
51550,,(D)
51800,0.0,0.00
51810,0.0,0.00
53001,0.0,0.00
53003,0.0,0.00
53005,0.0,0.00
53007,0.0,0.00
53009,0.0,0.00
53011,0.0,0.00
53013,0.0,0.00
53015,0.0,0.00
53017,0.0,0.00
53019,0.0,0.00
53021,0.0,0.00
53023,0.0,0.00
53025,0.0,0.00
53027,0.0,0.00
53029,0.0,0.00
53031,0.0,0.00
53033,0.0,0.00
53035,0.0,0.00
53037,0.0,0.00
53039,0.0,0.00
53041,0.0,0.00
53043,0.0,0.00
53045,0.0,0.00
53047,0.0,0.00
53049,0.0,0.00
53051,0.0,0.00
53053,0.0,0.00
53055,0.0,0.00
53057,0.0,0.00
53059,0.0,0.00
53061,0.0,0.00
53063,0.0,0.00
53065,0.0,0.00
53067,0.0,0.00
53069,0.0,0.00
53071,0.0,0.00
53073,0.0,0.00
53075,0.0,0.00
53077,0.0,0.00
54001,0.0,0.00
54003,0.0,0.00
54005,0.0,0.00
54007,0.0,0.00
54009,0.0,0.00
54011,0.0,0.00
54013,0.0,0.00
54015,0.0,0.00
54017,0.0,0.00
54019,0.0,0.00
54021,0.0,0.00
54023,0.0,0.00
54025,0.0,0.00
54027,0.0,0.00
54029,0.0,0.00
54031,0.0,0.00
54033,0.0,0.00
54035,0.0,0.00
54037,0.0,0.00
54039,0.0,0.00
54041,0.0,0.00
54043,0.0,0.00
54045,0.0,0.00
54047,0.0,0.00
54049,0.0,0.00
54051,0.0,0.00
54053,0.0,0.00
54055,0.0,0.00
54057,0.0,0.00
54059,0.0,0.00
54061,0.0,0.00
54063,0.0,0.00
54065,0.0,0.00
54067,0.0,0.00
54069,0.0,0.00
54071,0.0,0.00
54073,0.0,0.00
54075,0.0,0.00
54077,0.0,0.00
54079,0.0,0.00
54081,0.0,0.00
54083,0.0,0.00
54085,0.0,0.00
54087,0.0,0.00
54089,0.0,0.00
54091,0.0,0.00
54093,0.0,0.00
54095,0.0,0.00
54097,0.0,0.00
54099,0.0,0.00
54101,0.0,0.00
54103,0.0,0.00
54105,0.0,0.00
54107,0.0,0.00
54109,0.0,0.00
55001,0.0,0.00
55003,0.0,0.00
55005,0.0,0.00
55007,0.0,0.00
55009,0.0,0.00
55011,0.0,0.00
55013,0.0,0.00
55015,0.0,0.00
55017,0.0,0.00
55019,0.0,0.00
55021,0.0,0.00
55023,0.0,0.00
55025,0.0,0.00
55027,0.0,0.00
55029,0.0,0.00
55031,0.0,0.00
55033,0.0,0.00
55035,0.0,0.00
55037,0.0,0.00
55039,0.0,0.00
55041,0.0,0.00
55043,0.0,0.00
55045,0.0,0.00
55047,0.0,0.00
55049,0.0,0.00
55051,0.0,0.00
55053,0.0,0.00
55055,0.0,0.00
55057,0.0,0.00
55059,0.0,0.00
55061,0.0,0.00
55063,0.0,0.00
55065,0.0,0.00
55067,0.0,0.00
55069,0.0,0.00
55071,0.0,0.00
55073,0.0,0.00
55075,0.0,0.00
55077,0.0,0.00
55078,0.0,0.00
55079,0.0,0.00
55081,0.0,0.00
55083,0.0,0.00
55085,0.0,0.00
55087,0.0,0.00
55089,0.0,0.00
55091,0.0,0.00
55093,0.0,0.00
55095,0.0,0.00
55097,0.0,0.00
55099,0.0,0.00
55101,0.0,0.00
55103,0.0,0.00
55105,0.0,0.00
55107,0.0,0.00
55109,0.0,0.00
55111,0.0,0.00
55113,0.0,0.00
55115,0.0,0.00
55117,0.0,0.00
55119,0.0,0.00
55121,0.0,0.00
55123,0.0,0.00
55125,0.0,0.00
55127,0.0,0.00
55129,0.0,0.00
55131,0.0,0.00
55133,0.0,0.00
55135,0.0,0.00
55137,0.0,0.00
55139,0.0,0.00
55141,0.0,0.00
56001,0.0,0.00
56003,0.0,0.00
56005,0.0,0.00
56007,0.0,0.00
56009,0.0,0.00
56011,0.0,0.00
56013,0.0,0.00
56015,0.0,0.00
56017,0.0,0.00
56019,0.0,0.00
56021,0.0,0.00
56023,0.0,0.00
56025,0.0,0.00
56027,0.0,0.00
56029,0.0,0.00
56031,0.0,0.00
56033,0.0,0.00
56035,0.0,0.00
56037,0.0,0.00
56039,0.0,0.00
56041,0.0,0.00
56043,0.0,0.00
56045,0.0,0.00
